Workbook

Sheet Inicio
A1: BASE DE DATOS – SISTEMA DE GESTIÓN SSO
A3: SAIVAM – CMPC Mulchén | Estructura alineada con el menú de la aplicación
A5: No cambies los nombres de las hojas ni los encabezados. La aplicación los utiliza para leer la información.
A7: Menú de la aplicación | B7: Hoja de Excel | C7: Contenido
A8: KPI SSO | B8: KPI_SSO | C8: Resumen automático calculado desde las demás hojas.
A9: PRG SSO 2026 | B9: PRG_SSO_2026 | C9: Programa anual, metas, resultados y cumplimiento.
A10: Reportabilidad | B10: Reportabilidad | C10: Incidentes, hallazgos, cuasi accidentes y accidentes.
A11: Observaciones SSO y BAPP | B11: Observaciones_SSO_BAPP | C11: Conductas seguras, riesgos y compromisos.
A12: Inspecciones de Seguridad | B12: Inspecciones_Seguridad | C12: Inspecciones, hallazgos y fechas de cierre.
A13: Control Operacional | B13: Control_Operacional | C13: Acciones correctivas y seguimiento operacional.
A14: Capacitaciones | B14: Capacitaciones | C14: Charlas, cursos, asistentes y vencimientos.
A15: Reconocimientos | B15: Reconocimientos | C15: Trabajadores destacados y reconocimientos entregados.
A16: Comité Paritario | B16: Comite_Paritario | C16: Reuniones, acuerdos y compromisos del comité.
A17: Protocolos MINSAL | B17: Protocolos_MINSAL | C17: Protocolos, evaluaciones, expuestos y medidas.
A18: Certificaciones | B18: Certificaciones | C18: Hoja maestra de certificaciones por categoría.

Sheet Listas
A1: Áreas | B1: Estados | C1: Tipo observación | D1: Tipo evento | E1: Gravedad | F1: Resultado inspección | G1: Origen acción | H1: Protocolos MINSAL | I1: Categoría certificación | J1: Tipo reunión
A2: Aserradero | B2: Pendiente | C2: Conducta segura | D2: Hallazgo | E2: Baja | F2: Cumple | G2: Observación | H2: PREXOR | I2: Equipos | J2: Reunión ordinaria
A3: Drymill | B3: En proceso | C3: Conducta de riesgo | D3: Cuasi accidente | E3: Media | F3: Cumple parcial | G3: Inspección | H3: TMERT | I3: Personas | J3: Reunión extraordinaria
A4: Planta Térmica | B4: Cerrada | C4: BAPP positiva | D4: Incidente sin lesión | E4: Alta | F4: No cumple | G4: Reportabilidad | H4: MMC | I4: Comité Paritario | J4: Inspección conjunta
A5: Descortezado | B5: Vencida | C5: BAPP correctiva | D5: Accidente | E5: Crítica | G5: Auditoría | H5: RUV | I5: Empresa | J5: Investigación
A6: Mantención | B6: Vigente | G6: Comité Paritario | H6: Sílice | I6: Contrato
A7: Reproceso | B7: Por vencer | H7: Psicosocial CEAL-SM | I7: Instalaciones
A8: Impregnado | B8: Sin vencimiento | H8: Radiación UV | I8: Procesos
A9: Materias Primas | H9: Agentes químicos
A10: Bodega RESPEL
A11: TMT
A12: General

Sheet PRG_SSO_2026
A1: Fecha | B1: Mes | C1: Actividad | D1: Tipo_Actividad | E1: Área | F1: Responsable | G1: Meta | H1: Resultado | I1: Cumplimiento | J1: Estado | K1: Evidencia | L1: Observacion
A2: 46032 | B2: Enero | C2: Difusión del programa anual de seguridad | D2: Gestión preventiva | E2: General | F2: María Araya | G2: 1 | H2: 1 | I2: 100 | J2: Cerrada | K2: Drive/PRG/01 | L2: Programa difundido.
A3: 46101 | B3: Marzo | C3: Inspección general de condiciones de seguridad | D3: Inspección | E3: Aserradero | F3: María Araya | G3: 1 | H3: 1 | I3: 100 | J3: Cerrada | K3: Drive/PRG/03 | L3: Actividad realizada.
A4: 46157 | B4: Mayo | C4: Campaña de prevención de lesiones de manos | D4: Campaña | E4: Mantención | F4: Supervisor Mantención | G4: 1 | H4: 1 | I4: 100 | J4: Cerrada | K4: Drive/PRG/05 | L4: Charla y verificación en terreno.
A5: 46221 | B5: Julio | C5: Revisión de procedimientos críticos | D5: Auditoría | E5: Planta Térmica | F5: María Araya | G5: 1 | H5: 0 | I5: 0 | J5: Pendiente | L5: Programada para julio.
A6: 46246 | B6: Agosto | C6: Simulacro de emergencia | D6: Emergencia | E6: General | F6: Comité Paritario | G6: 1 | H6: 0 | I6: 0 | J6: Pendiente | L6: Pendiente coordinación.

Sheet Reportabilidad
A1: Fecha | B1: Área | C1: Tipo_Evento | D1: Gravedad | E1: Descripcion | F1: Accion_Inmediata | G1: Responsable | H1: Estado | I1: Observacion
A2: 46206 | B2: Planta Térmica | C2: Hallazgo | D2: Media | E2: Condición subestándar en punto de tránsito. | F2: Control del área e información al supervisor. | G2: Supervisor | H2: En proceso | I2: Pendiente evidencia.
A3: 46209 | B3: Aserradero | C3: Cuasi accidente | D3: Alta | E3: Interacción entre peatón y equipo móvil. | F3: Detención de tarea y charla de refuerzo. | G3: María Araya | H3: Pendiente | I3: Revisar segregación.
A4: 46210 | B4: Drymill | C4: Hallazgo | D4: Baja | E4: Material acumulado junto a vía de tránsito. | F4: Retiro inmediato. | G4: Líder de área | H4: Cerrada | I4: Corregido en el turno.
A5: 46212 | B5: Descortezado | C5: Incidente sin lesión | D5: Media | E5: Desprendimiento menor de material. | F5: Detención y revisión del método. | G5: Supervisor | H5: En proceso | I5: Sin daño a personas.
A6: 46214 | B6: Mantención | C6: Hallazgo | D6: Alta | E6: Barrera retirada antes del cierre. | F6: Reposición inmediata. | G6: José Acuña | H6: Pendiente | I6: Verificar en inspección.

Sheet Observaciones_SSO_BAPP
A1: Observador | B1: Tipo Observación | C1: Enero | D1: Febrero | E1: Marzo | F1: Abril | G1: Mayo | H1: Junio | I1: Julio | J1: Agosto | K1: Septiembre | L1: Octubre | M1: Noviembre | N1: Diciembre | O1: Real Año | P1: Teorica Año | Q1: Avance
A2: Jose Acuña | B2: SEGURIDAD | C2: 8 | D2: 8 | E2: 8 | F2: 10 | G2: 8 | H2: 8 | O2: =SUM(TablaObservacionesSSOBAPP[[#This Row],[Enero]:[Diciembre]]) -> 50 | P2: 90 | Q2: =+TablaObservacionesSSOBAPP[[#This Row],[Real Año]]/TablaObservacionesSSOBAPP[[#This Row],[Teorica Año]]*1 -> 0.55555556
A3: Maria Araya | B3: SEGURIDAD | C3: 10 | D3: 9 | E3: 9 | F3: 12 | G3: 8 | H3: 8 | O3: =SUM(TablaObservacionesSSOBAPP[[#This Row],[Enero]:[Diciembre]]) -> 56 | P3: 90 | Q3: =+TablaObservacionesSSOBAPP[[#This Row],[Real Año]]/TablaObservacionesSSOBAPP[[#This Row],[Teorica Año]]*1 -> 0.62222222
A4: Daniel Carrasco | B4: SEGURIDAD | C4: 8 | D4: 8 | E4: 8 | F4: 10 | G4: 8 | H4: 8 | O4: =SUM(TablaObservacionesSSOBAPP[[#This Row],[Enero]:[Diciembre]]) -> 50 | P4: 90 | Q4: =+TablaObservacionesSSOBAPP[[#This Row],[Real Año]]/TablaObservacionesSSOBAPP[[#This Row],[Teorica Año]]*1 -> 0.55555556
A5: Juan Fonseca | B5: SEGURIDAD | C5: 8 | D5: 8 | E5: 8 | F5: 10 | G5: 8 | H5: 8 | O5: =SUM(TablaObservacionesSSOBAPP[[#This Row],[Enero]:[Diciembre]]) -> 50 | P5: 90 | Q5: =+TablaObservacionesSSOBAPP[[#This Row],[Real Año]]/TablaObservacionesSSOBAPP[[#This Row],[Teorica Año]]*1 -> 0.55555556
A6: Ricardo Grez | B6: SEGURIDAD | C6: 10 | D6: 8 | E6: 8 | F6: 10 | G6: 9 | H6: 8 | O6: =SUM(TablaObservacionesSSOBAPP[[#This Row],[Enero]:[Diciembre]]) -> 53 | P6: 90 | Q6: =+TablaObservacionesSSOBAPP[[#This Row],[Real Año]]/TablaObservacionesSSOBAPP[[#This Row],[Teorica Año]]*1 -> 0.58888889
B7: TEORICAS | C7: 40 | D7: 40 | E7: 40 | F7: 50 | G7: 40 | H7: 40 | O7: =SUM(TablaObservacionesSSOBAPP[[#This Row],[Enero]:[Diciembre]]) -> 250 | P7: =SUBTOTAL(109,P2:P6) -> 450 | Q7: =SUBTOTAL(101,Q2:Q6) -> 0.57555556
B8: % CUMPLIMIENTO | C8: =SUM(C2:C6)/C7*1 -> 1.1 | D8: =SUM(D2:D6)/D7*1 -> 1.025 | E8: =SUM(E2:E6)/E7*1 -> 1.025 | F8: =SUM(F2:F6)/F7*1 -> 1.04 | G8: =SUM(G2:G6)/G7*1 -> 1.025 | H8: =SUM(H2:H6)/H7*1 -> 1
A9: Esteban Cáceres | B9: BAPP | C9: 8 | D9: 7 | E9: 2 | F9: 6 | G9: 6 | H9: 5 | O9: =SUM(TablaObservacionesSSOBAPP[[#This Row],[Enero]:[Diciembre]]) -> 34 | P9: 45 | Q9: =+TablaObservacionesSSOBAPP[[#This Row],[Real Año]]/TablaObservacionesSSOBAPP[[#This Row],[Teorica Año]]*1 -> 0.75555556
B10: TEORICAS | C10: 4 | D10: 4 | E10: 1 | F10: 4 | G10: 4 | H10: 4
B11: % CUMPLIMIENTO | C11: =+C9/C10*1 -> 2 | D11: =+D9/D10*1 -> 1.75 | E11: =+E9/E10*1 -> 2 | F11: =+F9/F10*1 -> 1.5 | G11: =+G9/G10*1 -> 1.5 | H11: =+H9/H10*1 -> 1.25

Sheet Inspecciones_Seguridad
A1: Fecha | B1: Área | C1: Tipo_Inspeccion | D1: Resultado | E1: Hallazgos | F1: Responsable | G1: Fecha_Compromiso | H1: Estado | I1: Observacion
A2: 46207 | B2: Mantención | C2: Bloqueo de energías | D2: Cumple | E2: Procedimiento aplicado correctamente. | F2: José Acuña | G2: 46207 | H2: Cerrada | I2: Sin observaciones.
A3: 46210 | B3: Descortezado | C3: Orden y aseo | D3: No cumple | E3: Material acumulado. | F3: Supervisor Turno | G3: 46219 | H3: En proceso | I3: Falta evidencia.
A4: 46211 | B4: Aserradero | C4: Segregación de áreas | D4: Cumple parcial | E4: Demarcación desgastada. | F4: María Araya | G4: 46223 | H4: Pendiente | I4: Reposición programada.
A5: 46212 | B5: Planta Térmica | C5: Equipos móviles | D5: Cumple | E5: Check list disponible. | F5: Daniel Carrasco | G5: 46212 | H5: Cerrada | I5: Equipo autorizado.
A6: 46213 | B6: Drymill | C6: Uso de EPP | D6: No cumple | E6: Chaqueta de trabajo abierta. | F6: Supervisor | G6: 46221 | H6: Pendiente | I6: Compromiso reforzado.

Sheet Control_Operacional
A1: Fecha | B1: Origen | C1: Área | D1: Hallazgo | E1: Accion_Correctiva | F1: Responsable | G1: Fecha_Compromiso | H1: Estado | I1: Evidencia | J1: Observacion
A2: 46206 | B2: Inspección | C2: Descortezado | D2: Material acumulado. | E2: Realizar limpieza y reforzar estándar. | F2: Supervisor Turno | G2: 46219 | H2: En proceso | J2: Pendiente respaldo.
A3: 46204 | B3: Observación | C3: Aserradero | D3: Falta de señalización. | E3: Instalar señalética. | F3: María Araya | G3: 46209 | H3: Cerrada | I3: Drive/ACO/001 | J3: Verificado.
A4: 46209 | B4: Reportabilidad | C4: Aserradero | D4: Interacción peatón-equipo. | E4: Actualizar segregación. | F4: Ricardo Grez | G4: 46223 | H4: En proceso | J4: Coordinado.
A5: 46211 | B5: Observación | C5: Drymill | D5: Chaqueta abierta. | E5: Charla y verificación de EPP. | F5: Supervisor | G5: 46221 | H5: Pendiente | J5: Seguimiento próximo turno.
A6: 46213 | B6: Comité Paritario | C6: Mantención | D6: Barrera retirada. | E6: Reforzar control de barreras. | F6: José Acuña | G6: 46222 | H6: Pendiente | J6: Verificación documental.

Sheet Capacitaciones
A1: Fecha | B1: Tema | C1: Tipo | D1: Área | E1: Relator | F1: Asistentes | G1: Vencimiento | H1: Estado | I1: Observacion
A2: 46205 | B2: Bloqueo de energías | C2: Charla operacional | D2: Mantención | E2: María Araya | F2: 12 | G2: 46570 | H2: Cerrada | I2: Registro firmado.
A3: 46208 | B3: Uso correcto de EPP | C3: Charla de 5 minutos | D3: Aserradero | E3: Supervisor | F3: 8 | G3: 46573 | H3: Cerrada | I3: Actividad realizada.
A4: 46210 | B4: Segregación peatón-equipo | C4: Capacitación | D4: Drymill | E4: María Araya | F4: 10 | G4: 46575 | H4: Cerrada | I4: Evaluación aplicada.
A5: 46212 | B5: Trabajo en altura | C5: Reinducción | D5: Mantención | E5: Prevención | F5: 6 | G5: 46577 | H5: Cerrada | I5: Personal autorizado.
A6: 46214 | B6: Reporte de incidentes | C6: Charla operacional | D6: Planta Térmica | E6: Ricardo Grez | F6: 9 | G6: 46579 | H6: Cerrada | I6: Reportabilidad reforzada.

Sheet Reconocimientos
A1: Fecha | B1: Trabajador | C1: Cargo | D1: Motivo | E1: Periodo | F1: Estado | G1: Evidencia | H1: Observacion
A2: 45930 | B2: EMPRESA SAIVAM | C2: EQUIPO | D2: Celebracion 700 dias sin aacidentes | E2: 45855 | F2: Cerrada | H2: Reconocimiento 700 dias sin ACC - 2025. Mutual de Seguridad
A3: 46021 | B3: Maria Araya P. | C3: Ingeniera en Prevencion de Riesgos | D3: Gestion SSO 2025 | E3: 45855 | F3: Cerrada | H3: Reconocimiento anual de seguridad CMPC - 2025.
A4: 46021 | B4: Claudio Albornoz A. | C4: Aseador Industrial | D4: Trabajador Destacado en SSO 2025 | E4: 45855 | F4: Cerrada | H4: Reconocimiento anual de seguridad CMPC - 2025.
A5: 46053 | B5: Pedro Quezada L. | C5: Aseador Industrial Mantenedor | D5: Compromiso con la seguridad | E5: Enero 2026 | F5: Cerrada | H5: Reconocimiento mensual de Seguridad
A6: 46081 | B6: Esteban Cáceres J. | C6: Aseador Industrial y Op Riego | D6: Compromiso con la seguridad | E6: Febrero 2026 | F6: Cerrada | H6: Reconocimiento mensual de Seguridad
A7: 46112 | B7: Héctor Flores F. | C7: Aseador Industrial Mantenedor | D7: Compromiso con la seguridad | E7: Marzo 2026 | F7: Cerrada | H7: Reconocimiento mensual de Seguridad
A8: 46142 | B8: Omar Acevedo S. | C8: Aseador Industrial y Jardinero | D8: Compromiso con la seguridad | E8: Abril 2026 | F8: Cerrada | H8: Reconocimiento mensual de Seguridad
A9: 46173 | B9: Pedro Morales C. | C9: Operador Riego | D9: Compromiso con la seguridad | E9: Mayo 2026 | F9: Cerrada | H9: Reconocimiento mensual de Seguridad
A10: 46203 | B10: Manuel Mardones B. | C10: Aseador Industrial Mantencion | D10: Compromiso con la seguridad | E10: Junio 2026 | F10: Cerrada | H10: Reconocimiento mensual de Seguridad
A11: 46211 | B11: EMPRESA SAIVAM | C11: EQUIPO | D11: 500 dias sin Acc - Planta Mulchen | E11: Julio 2026 | F11: Cerrada | H11: Reconocimiento de Planta CMPC por 500 dias sin accidentes
A12: 46234 | B12: Isaac Melgarejo R. | C12: Aseador Industrial | D12: Compromiso con la seguridad | E12: Julio 2026 | F12: Cerrada | H12: Reconocimiento mensual de Seguridad

Sheet Comite_Paritario
A1: Fecha | B1: Tipo_Reunion | C1: Área | D1: Tema | E1: Acuerdo | F1: Responsable | G1: Fecha_Compromiso | H1: Estado | I1: Evidencia | J1: Observacion
A2: 46150 | B2: Reunión ordinaria | C2: General | D2: Planificación del comité | E2: Definir calendario anual. | F2: Presidente Comité | G2: 46157 | H2: Cerrada | I2: Drive/CP/05 | J2: Acta firmada.
A3: 46185 | B3: Reunión ordinaria | C3: Aserradero | D3: Observaciones preventivas | E3: Reforzar rutas peatonales. | F3: Supervisor Aserradero | G3: 46198 | H3: Cerrada | I3: Drive/CP/06 | J3: Verificado.
A4: 46213 | B4: Reunión ordinaria | C4: Mantención | D4: Acciones correctivas | E4: Cerrar acciones pendientes. | F4: María Araya | G4: 46221 | H4: En proceso | J4: Seguimiento programado.
A5: 46227 | B5: Reunión extraordinaria | C5: Planta Térmica | D5: Trabajo de emergencia | E5: Revisar controles previos. | F5: Comité Paritario | G5: 46231 | H5: Pendiente | J5: Reunión planificada.

Sheet Protocolos_MINSAL
A1: Fecha | B1: Protocolo | C1: Etapa | D1: Área | E1: Actividad | F1: Expuestos | G1: Responsable | H1: Resultado | I1: Fecha_Compromiso | J1: Estado | K1: Evidencia | L1: Observacion
A2: 46096 | B2: PREXOR | C2: Identificación | D2: Aserradero | E2: Evaluación de exposición a ruido | F2: 14 | G2: María Araya | H2: Área incorporada al programa | I2: 46127 | J2: Cerrada | K2: Drive/MINSAL/PREXOR | L2: Mediciones programadas.
A3: 46122 | B3: TMERT | C3: Evaluación inicial | D3: Drymill | E3: Aplicación de lista de chequeo | F3: 10 | G3: María Araya | H3: Riesgo medio | I3: 46157 | J3: En proceso | K3: Drive/MINSAL/TMERT | L3: Pendiente medidas ergonómicas.
A4: 46148 | B4: MMC | C4: Control | D4: Planta Térmica | E4: Revisión de manejo manual de cargas | F4: 7 | G4: Supervisor | H4: Requiere ayuda mecánica | I4: 46223 | J4: Pendiente | L4: Coordinar apoyo operacional.
A5: 46185 | B5: Radiación UV | C5: Implementación | D5: Materias Primas | E5: Control de exposición solar | F5: 5 | G5: María Araya | H5: Medidas implementadas | I5: 46203 | J5: Cerrada | K5: Drive/MINSAL/UV | L5: Bloqueador y pausas disponibles.
A6: 46208 | B6: Psicosocial CEAL-SM | C6: Planificación | D6: General | E6: Preparación de encuesta | F6: 33 | G6: Comité de Aplicación | H6: Cronograma definido | I6: 46249 | J6: En proceso | L6: Difusión pendiente.

Sheet Certificaciones
A1: Fecha | B1: Categoria | C1: Subcategoria | D1: Nombre_Certificacion | E1: Entidad_Emisora | F1: Vencimiento | G1: Estado | H1: Dias_Para_Vencer | I1: Ruta_Link
A2: 45940 | B2: Equipos | C2: Grúa horquilla | D2: Certificacion Sello Verde | E2: C&S Certificacion | F2: 46305 | G2: =IF(A2="","",IF(F2="","Sin vencimiento",IF(F2<TODAY(),"Vencida",IF(F2<=TODAY()+30,"Por vencer","Vigente")))) -> Vigente | H2: =IF(A2="","",IF(F2="","",F2-TODAY())) -> 88 | I2: link
A3: 45940 | B3: Equipos | C3: Barredora hombre a bordo | D3: Certificacion Sello Verde | E3: C&S Certificacion | F3: 46305 | G3: =IF(A3="","",IF(F3="","Sin vencimiento",IF(F3<TODAY(),"Vencida",IF(F3<=TODAY()+30,"Por vencer","Vigente")))) -> Vigente | H3: =IF(A3="","",IF(F3="","",F3-TODAY())) -> 88 | I3: link
A4: 45940 | B4: Equipos | C4: Minicargador | D4: Certificacion Sello Verde | E4: C&S Certificacion | F4: 46305 | G4: =IF(A4="","",IF(F4="","Sin vencimiento",IF(F4<TODAY(),"Vencida",IF(F4<=TODAY()+30,"Por vencer","Vigente")))) -> Vigente | H4: =IF(A4="","",IF(F4="","",F4-TODAY())) -> 88 | I4: link
A5: 45940 | B5: Equipos | C5: Alzahombre | D5: Certificacion Sello Verde | E5: C&S Certificacion | F5: 46305 | G5: =IF(A5="","",IF(F5="","Sin vencimiento",IF(F5<TODAY(),"Vencida",IF(F5<=TODAY()+30,"Por vencer","Vigente")))) -> Vigente | H5: =IF(A5="","",IF(F5="","",F5-TODAY())) -> 88 | I5: link
A6: 45940 | B6: Equipos | C6: Camion | D6: Certificacion Sello Verde | E6: C&S Certificacion | F6: 46305 | G6: =IF(A6="","",IF(F6="","Sin vencimiento",IF(F6<TODAY(),"Vencida",IF(F6<=TODAY()+30,"Por vencer","Vigente")))) -> Vigente | H6: =IF(A6="","",IF(F6="","",F6-TODAY())) -> 88 | I6: link
A7: 45958 | B7: Personas | C7: Nibaldo Tobar | D7: Certificacion Corma | E7: ICCEN E.I.R.L | F7: 46530 | G7: =IF(A7="","",IF(F7="","Sin vencimiento",IF(F7<TODAY(),"Vencida",IF(F7<=TODAY()+30,"Por vencer","Vigente")))) -> Vigente | H7: =IF(A7="","",IF(F7="","",F7-TODAY())) -> 313 | I7: link
A8: 45958 | B8: Personas | C8: Diego Cofre | D8: Certificacion Corma | E8: ICCEN E.I.R.L | F8: 46302 | G8: =IF(A8="","",IF(F8="","Sin vencimiento",IF(F8<TODAY(),"Vencida",IF(F8<=TODAY()+30,"Por vencer","Vigente")))) -> Vigente | H8: =IF(A8="","",IF(F8="","",F8-TODAY())) -> 85 | I8: link
A9: 45958 | B9: Personas | C9: Camilo Aguayo | D9: Certificacion Corma | E9: ICCEN E.I.R.L | F9: 46302 | G9: =IF(A9="","",IF(F9="","Sin vencimiento",IF(F9<TODAY(),"Vencida",IF(F9<=TODAY()+30,"Por vencer","Vigente")))) -> Vigente | H9: =IF(A9="","",IF(F9="","",F9-TODAY())) -> 85 | I9: link
A10: 45877 | B10: Empresa | C10: Comité Paritario | D10: Certificacion categoria Oro | E10: Mutual de Seguridad | F10: 46242 | G10: =IF(A10="","",IF(F10="","Sin vencimiento",IF(F10<TODAY(),"Vencida",IF(F10<=TODAY()+30,"Por vencer","Vigente")))) -> Por vencer | H10: =IF(A10="","",IF(F10="","",F10-TODAY())) -> 25 | I10: link
A11: 46191 | B11: Empresa | C11: Sistema de Gestion SSO | D11: Mutual de Seguridad | E11: Mutual de Seguridad | F11: 46556 | G11: =IF(A11="","",IF(F11="","Sin vencimiento",IF(F11<TODAY(),"Vencida",IF(F11<=TODAY()+30,"Por vencer","Vigente")))) -> Vigente | H11: =IF(A11="","",IF(F11="","",F11-TODAY())) -> 339 | I11: link
G12: =IF(A12="","",IF(F12="","Sin vencimiento",IF(F12<TODAY(),"Vencida",IF(F12<=TODAY()+30,"Por vencer","Vigente")))) | H12: =IF(A12="","",IF(F12="","",F12-TODAY()))
G13: =IF(A13="","",IF(F13="","Sin vencimiento",IF(F13<TODAY(),"Vencida",IF(F13<=TODAY()+30,"Por vencer","Vigente")))) | H13: =IF(A13="","",IF(F13="","",F13-TODAY()))
G14: =IF(A14="","",IF(F14="","Sin vencimiento",IF(F14<TODAY(),"Vencida",IF(F14<=TODAY()+30,"Por vencer","Vigente")))) | H14: =IF(A14="","",IF(F14="","",F14-TODAY()))
G15: =IF(A15="","",IF(F15="","Sin vencimiento",IF(F15<TODAY(),"Vencida",IF(F15<=TODAY()+30,"Por vencer","Vigente")))) | H15: =IF(A15="","",IF(F15="","",F15-TODAY()))
G16: =IF(A16="","",IF(F16="","Sin vencimiento",IF(F16<TODAY(),"Vencida",IF(F16<=TODAY()+30,"Por vencer","Vigente")))) | H16: =IF(A16="","",IF(F16="","",F16-TODAY()))
G17: =IF(A17="","",IF(F17="","Sin vencimiento",IF(F17<TODAY(),"Vencida",IF(F17<=TODAY()+30,"Por vencer","Vigente")))) | H17: =IF(A17="","",IF(F17="","",F17-TODAY()))
G18: =IF(A18="","",IF(F18="","Sin vencimiento",IF(F18<TODAY(),"Vencida",IF(F18<=TODAY()+30,"Por vencer","Vigente")))) | H18: =IF(A18="","",IF(F18="","",F18-TODAY()))
G19: =IF(A19="","",IF(F19="","Sin vencimiento",IF(F19<TODAY(),"Vencida",IF(F19<=TODAY()+30,"Por vencer","Vigente")))) | H19: =IF(A19="","",IF(F19="","",F19-TODAY()))
G20: =IF(A20="","",IF(F20="","Sin vencimiento",IF(F20<TODAY(),"Vencida",IF(F20<=TODAY()+30,"Por vencer","Vigente")))) | H20: =IF(A20="","",IF(F20="","",F20-TODAY()))
G21: =IF(A21="","",IF(F21="","Sin vencimiento",IF(F21<TODAY(),"Vencida",IF(F21<=TODAY()+30,"Por vencer","Vigente")))) | H21: =IF(A21="","",IF(F21="","",F21-TODAY()))
G22: =IF(A22="","",IF(F22="","Sin vencimiento",IF(F22<TODAY(),"Vencida",IF(F22<=TODAY()+30,"Por vencer","Vigente")))) | H22: =IF(A22="","",IF(F22="","",F22-TODAY()))
G23: =IF(A23="","",IF(F23="","Sin vencimiento",IF(F23<TODAY(),"Vencida",IF(F23<=TODAY()+30,"Por vencer","Vigente")))) | H23: =IF(A23="","",IF(F23="","",F23-TODAY()))
... G500: =IF(A500="","",IF(F500="","Sin vencimiento",IF(F500<TODAY(),"Vencida",IF(F500<=TODAY()+30,"Por vencer","Vigente")))) | H500: =IF(A500="","",IF(F500="","",F500-TODAY()))

Sheet Configuracion
A1: Parametro | B1: Valor
A2: Inicio_Sin_Accidentes | B2: 45017
A3: Meta_Observaciones_Mensual | B3: 30
A4: Meta_Inspecciones_Mensual | B4: 12
A5: Meta_Capacitaciones_Mensual | B5: 4
A6: Empresa | B6: SAIVAM
A7: Contrato | B7: CMPC Mulchén
A8: Administrador_Contrato | B8: Ricardo Grez
A9: Responsable_SSO | B9: María Araya
A10: Version | B10: 2.0

Sheet KPI_SSO
A1: KPI SSO – RESUMEN AUTOMÁTICO
A3: Los valores se calculan desde las hojas del sistema de gestión.
A5: Indicador | B5: Valor | D5: Módulo | E5: Registros
A6: Días sin accidentes | B6: =TODAY()-Configuracion!B2 -> 1200 | D6: PRG SSO 2026 | E6: =B7 -> 5
A7: Actividades PRG SSO | B7: =COUNTA(PRG_SSO_2026!A2:A500) -> 5 | D7: Reportabilidad | E7: =B9 -> 5
A8: Cumplimiento PRG promedio | B8: =IFERROR(AVERAGE(PRG_SSO_2026!I2:I500),0) -> 60 | D8: Observaciones | E8: =B10 -> 0
A9: Registros de reportabilidad | B9: =COUNTA(Reportabilidad!A2:A500) -> 5 | D9: Inspecciones | E9: =B11 -> 5
A10: Observaciones SSO y BAPP | B10: =COUNTA(Observaciones_SSO_BAPP!A10:A503) -> 0 | D10: Control Operacional | E10: =COUNTA(Control_Operacional!A2:A500) -> 5
A11: Inspecciones de seguridad | B11: =COUNTA(Inspecciones_Seguridad!A2:A500) -> 5 | D11: Certificaciones | E11: =COUNTA(Certificaciones!A2:A505) -> 10
A12: Acciones pendientes | B12: =COUNTIF(Control_Operacional!H2:H500,"Pendiente")+COUNTIF(Control_Operacional!H2:H500,"En proceso")+COUNTIF(Control_Operacional!H2:H500,"Vencida") -> 4
A13: Capacitaciones realizadas | B13: =COUNTIF(Capacitaciones!H2:H500,"Cerrada") -> 5
A14: Protocolos MINSAL abiertos | B14: =COUNTIF(Protocolos_MINSAL!J2:J500,"Pendiente")+COUNTIF(Protocolos_MINSAL!J2:J500,"En proceso")+COUNTIF(Protocolos_MINSAL!J2:J500,"Vencida") -> 3
A15: Certificaciones vencidas | B15: =COUNTIF(Certificaciones!G2:G500,"Vencida") -> 0
